               epoch,      train/box_loss,      train/obj_loss,      train/cls_loss,   metrics/precision,      metrics/recall,     metrics/mAP_0.5,metrics/mAP_0.5:0.95,        val/box_loss,        val/obj_loss,        val/cls_loss,               x/lr0,               x/lr1,               x/lr2
                   0,            0.049126,            0.028151,            0.055341,             0.37052,             0.25056,             0.15215,            0.074798,            0.033379,            0.012074,            0.041564,             0.07006,           0.0033267,           0.0033267
                   1,             0.03661,             0.02243,            0.041787,             0.38888,              0.4005,             0.29589,             0.18689,            0.027088,            0.010756,            0.030931,            0.040038,            0.006638,            0.006638
                   2,            0.032828,            0.021089,            0.034133,             0.52756,             0.41434,             0.41737,             0.28453,            0.025089,            0.010962,            0.025403,            0.009994,           0.0099274,           0.0099274
                   3,            0.030184,            0.020886,            0.030444,             0.57509,             0.42895,             0.43078,             0.28626,            0.027231,            0.011933,            0.024397,            0.009901,            0.009901,            0.009901
                   4,            0.028777,            0.020577,            0.028918,              0.6232,             0.46663,             0.48852,             0.34103,            0.023884,             0.01064,             0.02392,            0.009901,            0.009901,            0.009901
                   5,            0.028091,            0.020139,            0.028092,             0.68018,             0.49096,             0.52722,              0.3692,            0.022823,            0.010483,             0.01996,            0.009868,            0.009868,            0.009868
                   6,            0.027554,            0.020055,            0.027602,             0.67712,             0.50101,             0.53899,             0.38602,            0.022188,            0.010155,              0.0199,            0.009835,            0.009835,            0.009835
                   7,            0.027289,            0.019933,            0.027141,             0.69076,             0.48713,             0.52613,             0.37104,            0.024002,            0.010422,            0.020857,            0.009802,            0.009802,            0.009802
                   8,            0.027018,            0.019815,            0.026904,             0.67846,             0.50097,             0.53776,             0.38106,            0.023066,            0.010295,            0.020252,            0.009769,            0.009769,            0.009769
                   9,            0.026857,            0.019708,            0.026703,             0.70231,             0.52356,             0.56816,             0.41488,            0.021428,           0.0096089,            0.018195,            0.009736,            0.009736,            0.009736
                  10,            0.026693,            0.019682,            0.026636,             0.70824,             0.53255,             0.57879,             0.43015,            0.020776,           0.0095121,            0.017664,            0.009703,            0.009703,            0.009703
                  11,            0.026556,            0.019603,            0.026365,             0.71985,             0.53859,             0.58815,             0.44324,            0.020763,           0.0093576,            0.018181,             0.00967,             0.00967,             0.00967
                  12,            0.026413,            0.019432,            0.026232,             0.72652,             0.54771,             0.60567,             0.45653,            0.020147,           0.0091679,            0.016775,            0.009637,            0.009637,            0.009637
                  13,            0.026322,            0.019437,            0.026234,             0.73793,             0.56907,             0.62533,             0.47708,            0.019786,           0.0088426,            0.016759,            0.009604,            0.009604,            0.009604
                  14,            0.026178,            0.019308,            0.026071,             0.72136,             0.57641,             0.62703,              0.4814,            0.019499,           0.0087718,            0.016381,            0.009571,            0.009571,            0.009571
                  15,            0.026148,            0.019418,            0.025939,             0.70334,             0.60508,             0.64167,             0.49479,            0.019075,           0.0086367,            0.015535,            0.009538,            0.009538,            0.009538
                  16,            0.026053,            0.019316,            0.025949,             0.69374,             0.60654,             0.65165,             0.50442,            0.019107,           0.0085379,            0.015515,            0.009505,            0.009505,            0.009505
                  17,            0.025942,            0.019233,            0.025698,             0.71899,             0.60518,             0.65881,             0.51241,            0.018774,            0.008434,            0.015066,            0.009472,            0.009472,            0.009472
                  18,            0.025957,            0.019236,            0.025625,             0.71665,             0.61089,             0.66327,             0.51642,            0.018702,           0.0084136,            0.014621,            0.009439,            0.009439,            0.009439
                  19,            0.025747,            0.019205,            0.025598,             0.70455,             0.61883,             0.66318,             0.51704,            0.018538,           0.0083699,            0.014857,            0.009406,            0.009406,            0.009406
                  20,            0.025766,            0.019145,            0.025619,             0.71153,             0.62173,              0.6689,              0.5227,            0.018587,           0.0083102,            0.014612,            0.009373,            0.009373,            0.009373
                  21,            0.025616,            0.019225,            0.025523,             0.72459,             0.61703,             0.67238,             0.52572,            0.018502,           0.0083005,            0.014321,             0.00934,             0.00934,             0.00934
                  22,            0.025589,            0.019106,            0.025225,             0.72716,             0.62167,             0.67388,             0.52802,            0.018429,           0.0082594,            0.014484,            0.009307,            0.009307,            0.009307
                  23,             0.02557,            0.019055,            0.025416,             0.72569,             0.62337,             0.67344,             0.52844,            0.018296,           0.0082379,            0.014289,            0.009274,            0.009274,            0.009274
                  24,            0.025498,            0.019046,            0.025307,             0.73021,             0.62494,             0.67706,             0.53208,            0.018231,           0.0082159,            0.014245,            0.009241,            0.009241,            0.009241
                  25,            0.025545,            0.019034,            0.025293,             0.73142,             0.62641,             0.67894,             0.53425,            0.018258,            0.008194,            0.014212,            0.009208,            0.009208,            0.009208
                  26,            0.025428,            0.019006,            0.025328,             0.74042,             0.62026,             0.68033,             0.53572,            0.018201,           0.0081717,            0.014197,            0.009175,            0.009175,            0.009175
                  27,              0.0254,            0.019052,            0.025161,              0.7346,             0.62831,              0.6811,             0.53664,            0.018158,           0.0081525,            0.014225,            0.009142,            0.009142,            0.009142
                  28,            0.025339,             0.01902,            0.025202,             0.73342,             0.62863,             0.68154,             0.53756,            0.018119,           0.0081344,            0.014186,            0.009109,            0.009109,            0.009109
                  29,            0.025229,            0.018974,            0.025048,             0.73112,             0.62879,             0.68163,             0.53771,            0.018055,           0.0081213,            0.014099,            0.009076,            0.009076,            0.009076
                  30,            0.025272,            0.018958,            0.025097,             0.73277,             0.62822,             0.68222,             0.53853,             0.01805,           0.0081148,            0.014044,            0.009043,            0.009043,            0.009043
                  31,            0.025248,            0.018932,            0.024926,               0.733,             0.63068,             0.68272,             0.53936,            0.018042,           0.0081097,            0.014002,             0.00901,             0.00901,             0.00901
                  32,             0.02523,            0.018922,            0.025116,             0.73027,             0.63259,             0.68326,             0.53992,            0.018031,           0.0081053,            0.013992,            0.008977,            0.008977,            0.008977
                  33,            0.025196,            0.018898,            0.024947,             0.73161,              0.6324,             0.68326,             0.53998,            0.018015,           0.0081012,            0.013976,            0.008944,            0.008944,            0.008944
                  34,            0.025121,            0.018905,            0.024833,             0.72955,             0.63415,             0.68333,             0.54025,            0.018001,           0.0081002,            0.013974,            0.008911,            0.008911,            0.008911
                  35,            0.025156,            0.018881,            0.025014,             0.73322,             0.63325,             0.68349,             0.54066,            0.017996,           0.0080977,            0.013977,            0.008878,            0.008878,            0.008878
                  36,            0.025167,            0.018786,            0.024921,             0.73379,             0.63279,             0.68378,             0.54094,            0.017996,            0.008097,            0.013991,            0.008845,            0.008845,            0.008845
                  37,            0.025092,            0.018872,            0.024882,             0.73404,             0.63302,             0.68362,             0.54073,            0.018003,           0.0080961,            0.013973,            0.008812,            0.008812,            0.008812
                  38,            0.025033,            0.018888,            0.024836,             0.73074,             0.63579,             0.68374,             0.54103,               0.018,           0.0080955,            0.013989,            0.008779,            0.008779,            0.008779
                  39,            0.025022,            0.018848,            0.024842,             0.73118,             0.63606,             0.68379,             0.54096,            0.018002,           0.0080944,            0.013995,            0.008746,            0.008746,            0.008746
                  40,            0.024911,            0.018847,             0.02478,             0.72987,             0.63708,             0.68376,             0.54103,            0.018011,           0.0080963,             0.01401,            0.008713,            0.008713,            0.008713
                  41,            0.024992,            0.018776,            0.024821,             0.72928,             0.63639,             0.68393,             0.54114,            0.018015,           0.0080977,            0.013985,             0.00868,             0.00868,             0.00868
                  42,            0.024922,            0.018753,            0.024811,             0.72985,              0.6366,             0.68412,             0.54128,            0.018024,           0.0080987,            0.013982,            0.008647,            0.008647,            0.008647
                  43,            0.024936,            0.018773,            0.024818,             0.72724,             0.63809,             0.68412,             0.54141,            0.018035,           0.0080991,             0.01398,            0.008614,            0.008614,            0.008614
                  44,            0.024839,            0.018793,            0.024613,             0.72692,             0.63735,              0.6839,             0.54127,            0.018051,           0.0081027,            0.013974,            0.008581,            0.008581,            0.008581
                  45,            0.024897,            0.018794,            0.024556,             0.72898,             0.63597,              0.6839,             0.54122,            0.018065,           0.0081062,            0.013978,            0.008548,            0.008548,            0.008548
                  46,            0.024852,             0.01875,            0.024592,             0.72804,             0.63481,             0.68384,             0.54112,            0.018075,           0.0081111,            0.013989,            0.008515,            0.008515,            0.008515
                  47,            0.024827,            0.018671,            0.024694,             0.72719,             0.63638,             0.68394,             0.54112,            0.018087,            0.008115,            0.013995,            0.008482,            0.008482,            0.008482
                  48,            0.024754,            0.018728,            0.024675,               0.728,             0.63382,             0.68379,             0.54092,            0.018103,           0.0081211,            0.014002,            0.008449,            0.008449,            0.008449
                  49,            0.024698,             0.01869,            0.024456,             0.72708,             0.63454,             0.68356,             0.54065,            0.018113,           0.0081269,            0.013995,            0.008416,            0.008416,            0.008416
                  50,            0.024693,            0.018696,            0.024506,              0.7287,             0.63404,             0.68367,             0.54059,            0.018123,           0.0081315,            0.013997,            0.008383,            0.008383,            0.008383
                  51,            0.024726,            0.018668,            0.024639,             0.72955,             0.63179,             0.68367,             0.54055,            0.018132,           0.0081398,            0.014007,             0.00835,             0.00835,             0.00835
                  52,            0.024727,            0.018748,            0.024551,             0.73059,             0.63092,             0.68372,             0.54051,            0.018149,           0.0081468,            0.014012,            0.008317,            0.008317,            0.008317
                  53,            0.024654,            0.018712,            0.024479,             0.72999,             0.63028,             0.68391,             0.54039,            0.018166,           0.0081533,             0.01402,            0.008284,            0.008284,            0.008284
                  54,            0.024552,            0.018645,              0.0246,             0.73067,             0.62977,             0.68392,             0.54046,            0.018187,           0.0081606,            0.014036,            0.008251,            0.008251,            0.008251
                  55,            0.024653,            0.018622,            0.024462,             0.73138,             0.62841,             0.68412,              0.5405,            0.018201,           0.0081685,            0.014043,            0.008218,            0.008218,            0.008218
                  56,            0.024587,            0.018592,            0.024457,             0.72991,             0.62868,              0.6842,             0.54057,            0.018221,           0.0081759,             0.01405,            0.008185,            0.008185,            0.008185
                  57,            0.024624,             0.01863,             0.02443,             0.73165,               0.627,             0.68424,             0.54074,            0.018242,           0.0081836,            0.014058,            0.008152,            0.008152,            0.008152
                  58,            0.024521,            0.018533,            0.024335,             0.73299,             0.62561,             0.68439,             0.54071,            0.018262,           0.0081931,            0.014068,            0.008119,            0.008119,            0.008119
                  59,            0.024562,            0.018627,            0.024338,             0.73112,             0.62744,              0.6847,             0.54071,            0.018287,           0.0082026,            0.014082,            0.008086,            0.008086,            0.008086
                  60,            0.024498,            0.018566,            0.024446,             0.73091,             0.62875,             0.68477,             0.54082,            0.018308,           0.0082111,            0.014103,            0.008053,            0.008053,            0.008053
                  61,            0.024572,            0.018583,            0.024402,             0.73006,             0.62914,             0.68504,             0.54081,            0.018326,           0.0082179,             0.01412,             0.00802,             0.00802,             0.00802
                  62,            0.024463,             0.01849,            0.024226,             0.72875,             0.62896,             0.68524,             0.54103,            0.018342,           0.0082261,            0.014136,            0.007987,            0.007987,            0.007987
                  63,            0.024455,             0.01853,            0.024184,             0.72717,              0.6298,             0.68534,             0.54098,            0.018361,            0.008232,            0.014135,            0.007954,            0.007954,            0.007954
                  64,            0.024478,            0.018547,            0.024295,             0.73041,              0.6283,             0.68552,             0.54095,            0.018376,           0.0082371,            0.014138,            0.007921,            0.007921,            0.007921
                  65,            0.024357,            0.018496,            0.024201,             0.73345,             0.62641,             0.68588,             0.54137,            0.018392,           0.0082415,            0.014137,            0.007888,            0.007888,            0.007888
                  66,            0.024479,            0.018518,            0.024199,             0.73586,             0.62543,             0.68595,             0.54155,            0.018404,           0.0082485,            0.014151,            0.007855,            0.007855,            0.007855
                  67,            0.024405,            0.018544,            0.024251,             0.73808,             0.62284,             0.68653,             0.54195,            0.018414,           0.0082523,            0.014151,            0.007822,            0.007822,            0.007822
                  68,            0.024471,            0.018538,            0.024289,             0.73564,             0.62411,             0.68654,             0.54188,            0.018428,           0.0082578,            0.014155,            0.007789,            0.007789,            0.007789
                  69,            0.024393,            0.018524,             0.02426,             0.73785,             0.62254,             0.68671,             0.54201,            0.018435,           0.0082636,            0.014156,            0.007756,            0.007756,            0.007756
                  70,            0.024321,            0.018476,            0.024154,             0.73944,             0.62122,             0.68706,             0.54202,            0.018449,           0.0082694,             0.01415,            0.007723,            0.007723,            0.007723
                  71,            0.024301,            0.018425,            0.024227,             0.73969,             0.62211,             0.68715,             0.54211,            0.018462,           0.0082757,            0.014166,             0.00769,             0.00769,             0.00769
                  72,            0.024398,            0.018422,             0.02405,             0.73927,             0.62298,             0.68781,             0.54261,             0.01846,           0.0082802,            0.014173,            0.007657,            0.007657,            0.007657
                  73,             0.02435,            0.018468,            0.024034,             0.73771,             0.62356,             0.68838,             0.54321,             0.01847,           0.0082824,            0.014178,            0.007624,            0.007624,            0.007624
                  74,            0.024312,            0.018498,            0.024022,             0.73614,             0.62555,             0.68872,             0.54326,            0.018475,            0.008286,            0.014174,            0.007591,            0.007591,            0.007591
                  75,            0.024269,            0.018496,            0.024132,             0.73529,             0.62655,             0.68888,             0.54341,            0.018479,           0.0082885,             0.01418,            0.007558,            0.007558,            0.007558
                  76,            0.024287,            0.018482,            0.024075,              0.7358,             0.62565,              0.6892,             0.54364,            0.018482,           0.0082916,            0.014175,            0.007525,            0.007525,            0.007525
                  77,            0.024237,             0.01842,             0.02408,             0.73635,             0.62537,             0.68928,             0.54365,            0.018484,           0.0082945,            0.014165,            0.007492,            0.007492,            0.007492
                  78,            0.024166,            0.018485,            0.024082,             0.73764,             0.62421,             0.68958,             0.54398,            0.018482,           0.0082953,            0.014166,            0.007459,            0.007459,            0.007459
                  79,            0.024243,            0.018422,            0.024128,             0.73754,             0.62474,             0.68993,             0.54454,            0.018476,           0.0082971,             0.01416,            0.007426,            0.007426,            0.007426
                  80,            0.024128,            0.018413,            0.023912,             0.73808,             0.62531,             0.69064,             0.54499,            0.018467,           0.0082975,            0.014151,            0.007393,            0.007393,            0.007393
                  81,            0.024155,             0.01841,            0.024099,             0.74015,             0.62449,             0.69112,             0.54541,            0.018462,           0.0082952,            0.014142,             0.00736,             0.00736,             0.00736
                  82,            0.024214,            0.018412,             0.02403,             0.74146,               0.624,             0.69154,              0.5459,            0.018458,           0.0082916,            0.014144,            0.007327,            0.007327,            0.007327
                  83,            0.024158,            0.018417,            0.024022,             0.74081,              0.6247,             0.69215,             0.54651,            0.018451,           0.0082856,            0.014134,            0.007294,            0.007294,            0.007294
                  84,            0.024064,            0.018334,            0.023945,             0.74229,             0.62339,             0.69254,             0.54686,            0.018442,           0.0082825,             0.01413,            0.007261,            0.007261,            0.007261
                  85,            0.024139,            0.018331,               0.024,             0.74393,             0.62336,             0.69302,             0.54736,            0.018427,           0.0082768,            0.014119,            0.007228,            0.007228,            0.007228
                  86,            0.024026,            0.018322,            0.023962,             0.74663,             0.62188,             0.69374,             0.54794,            0.018413,           0.0082701,            0.014098,            0.007195,            0.007195,            0.007195
                  87,            0.024111,            0.018317,            0.023752,             0.74441,              0.6234,             0.69442,             0.54882,            0.018397,           0.0082627,            0.014077,            0.007162,            0.007162,            0.007162
                  88,            0.024011,            0.018355,            0.023826,             0.74477,             0.62388,             0.69493,             0.54928,            0.018376,           0.0082577,            0.014062,            0.007129,            0.007129,            0.007129
                  89,            0.024066,            0.018359,            0.023855,             0.74289,             0.62516,             0.69527,             0.54965,            0.018367,           0.0082523,             0.01404,            0.007096,            0.007096,            0.007096
                  90,            0.024022,            0.018338,            0.023806,              0.7408,             0.62683,             0.69587,             0.55067,            0.018352,           0.0082432,            0.014027,            0.007063,            0.007063,            0.007063
                  91,            0.024039,            0.018252,            0.023919,             0.73879,             0.62779,             0.69641,             0.55118,             0.01834,           0.0082355,            0.014021,             0.00703,             0.00703,             0.00703
                  92,            0.024034,            0.018284,            0.023799,             0.65855,             0.63127,             0.69688,             0.55199,            0.018317,           0.0082273,            0.013995,            0.006997,            0.006997,            0.006997
                  93,            0.024005,            0.018253,             0.02387,             0.66066,             0.63038,             0.69751,             0.55263,              0.0183,            0.008219,            0.013977,            0.006964,            0.006964,            0.006964
                  94,            0.023907,            0.018311,            0.023579,              0.6885,             0.63682,             0.69807,             0.55334,            0.018285,           0.0082103,            0.013972,            0.006931,            0.006931,            0.006931
                  95,            0.023804,            0.018275,            0.023727,             0.68916,             0.63872,             0.69886,             0.55407,            0.018271,           0.0082039,            0.013961,            0.006898,            0.006898,            0.006898
                  96,             0.02394,            0.018247,            0.023815,             0.68621,             0.64112,             0.69943,             0.55466,            0.018259,           0.0081973,            0.013956,            0.006865,            0.006865,            0.006865
                  97,            0.023883,            0.018226,            0.023653,             0.68415,             0.64077,             0.69997,             0.55547,            0.018247,            0.008188,            0.013957,            0.006832,            0.006832,            0.006832
                  98,            0.023877,            0.018272,            0.023551,             0.68587,             0.64003,             0.70062,              0.5561,            0.018229,           0.0081795,            0.013935,            0.006799,            0.006799,            0.006799
                  99,            0.023838,            0.018274,            0.023733,             0.69503,             0.64117,             0.70121,             0.55679,            0.018217,           0.0081714,            0.013925,            0.006766,            0.006766,            0.006766
                 100,            0.023851,            0.018287,             0.02375,             0.69545,             0.64204,             0.70218,              0.5578,            0.018198,           0.0081627,            0.013906,            0.006733,            0.006733,            0.006733
                 101,            0.023915,            0.018273,            0.023661,             0.69785,             0.64153,              0.7028,             0.55854,            0.018181,           0.0081537,            0.013903,              0.0067,              0.0067,              0.0067
                 102,            0.023798,            0.018204,             0.02358,             0.69882,             0.64212,             0.70328,             0.55905,            0.018166,           0.0081454,            0.013894,            0.006667,            0.006667,            0.006667
                 103,            0.023865,            0.018195,            0.023662,             0.69983,             0.64343,             0.70395,             0.55959,            0.018153,            0.008139,            0.013884,            0.006634,            0.006634,            0.006634
                 104,            0.023796,            0.018218,            0.023693,             0.69438,             0.64621,             0.70467,             0.56038,            0.018133,           0.0081295,            0.013875,            0.006601,            0.006601,            0.006601
                 105,            0.023754,            0.018123,            0.023439,             0.69941,             0.64529,             0.70538,             0.56132,            0.018117,           0.0081209,            0.013846,            0.006568,            0.006568,            0.006568
                 106,            0.023765,            0.018225,            0.023489,             0.69394,             0.64989,             0.70605,             0.56207,            0.018098,           0.0081142,            0.013839,            0.006535,            0.006535,            0.006535
                 107,             0.02369,            0.018182,            0.023416,             0.70144,             0.64939,             0.70666,             0.56287,            0.018083,            0.008105,            0.013832,            0.006502,            0.006502,            0.006502
                 108,            0.023801,            0.018224,            0.023471,             0.70442,             0.64745,             0.70704,             0.56338,            0.018068,           0.0080995,            0.013818,            0.006469,            0.006469,            0.006469
                 109,            0.023732,            0.018194,            0.023507,             0.70692,             0.64576,             0.70766,             0.56412,            0.018047,           0.0080912,            0.013791,            0.006436,            0.006436,            0.006436
                 110,            0.023721,            0.018115,            0.023397,             0.70446,             0.64899,             0.70821,             0.56458,            0.018035,           0.0080831,            0.013777,            0.006403,            0.006403,            0.006403
                 111,            0.023681,            0.018129,            0.023478,             0.70729,             0.64575,             0.70866,             0.56496,            0.018025,            0.008075,             0.01376,             0.00637,             0.00637,             0.00637
                 112,            0.023699,            0.018132,            0.023555,             0.70903,              0.6449,             0.70918,             0.56544,            0.018017,           0.0080676,            0.013747,            0.006337,            0.006337,            0.006337
                 113,            0.023707,            0.018188,            0.023557,             0.71093,             0.64446,             0.71002,             0.56628,            0.018006,           0.0080617,            0.013726,            0.006304,            0.006304,            0.006304
                 114,             0.02367,            0.018096,            0.023452,             0.71264,             0.64299,             0.71075,             0.56697,            0.017992,           0.0080518,            0.013713,            0.006271,            0.006271,            0.006271
                 115,            0.023641,            0.018109,            0.023304,             0.71367,             0.64332,             0.71134,             0.56767,            0.017972,            0.008043,              0.0137,            0.006238,            0.006238,            0.006238
                 116,            0.023676,            0.018131,            0.023418,             0.71257,             0.64393,             0.71186,             0.56822,            0.017951,           0.0080374,            0.013676,            0.006205,            0.006205,            0.006205
                 117,            0.023627,            0.018132,            0.023461,             0.71238,             0.64322,             0.71244,             0.56897,            0.017937,            0.008031,            0.013649,            0.006172,            0.006172,            0.006172
                 118,            0.023702,            0.018089,            0.023388,             0.70924,               0.647,             0.71277,             0.56937,            0.017927,           0.0080259,            0.013628,            0.006139,            0.006139,            0.006139
                 119,            0.023613,            0.018076,            0.023406,             0.70988,             0.64695,             0.71331,             0.56978,            0.017916,           0.0080196,            0.013602,            0.006106,            0.006106,            0.006106
                 120,            0.023523,            0.018054,            0.023297,             0.71007,             0.64749,             0.71355,             0.57015,              0.0179,           0.0080131,            0.013578,            0.006073,            0.006073,            0.006073
                 121,            0.023607,            0.018055,            0.023227,             0.70238,             0.65052,             0.71395,             0.57073,            0.017878,           0.0080075,            0.013556,             0.00604,             0.00604,             0.00604
                 122,            0.023525,            0.018091,            0.023238,             0.70154,             0.65182,             0.71468,             0.57155,            0.017849,           0.0079995,            0.013526,            0.006007,            0.006007,            0.006007
                 123,            0.023576,            0.018031,            0.023224,             0.70054,             0.65253,             0.71506,             0.57195,            0.017828,           0.0079924,            0.013502,            0.005974,            0.005974,            0.005974
                 124,            0.023585,            0.018002,            0.023306,             0.70062,               0.654,             0.71551,             0.57262,            0.017803,           0.0079853,            0.013479,            0.005941,            0.005941,            0.005941
                 125,            0.023528,            0.018049,             0.02318,             0.70502,             0.65082,             0.71618,             0.57327,            0.017781,           0.0079777,            0.013455,            0.005908,            0.005908,            0.005908
                 126,            0.023483,            0.018048,             0.02324,             0.69321,             0.66164,             0.71659,             0.57384,            0.017759,           0.0079708,            0.013439,            0.005875,            0.005875,            0.005875
                 127,            0.023506,            0.018007,            0.023054,              0.6935,             0.66195,             0.71682,             0.57427,            0.017743,           0.0079631,            0.013426,            0.005842,            0.005842,            0.005842
                 128,            0.023454,             0.01804,            0.023117,             0.69186,             0.66218,             0.71714,             0.57471,            0.017729,           0.0079563,            0.013413,            0.005809,            0.005809,            0.005809
                 129,            0.023384,               0.018,            0.023022,             0.69127,             0.66425,             0.71763,             0.57541,            0.017721,           0.0079505,            0.013399,            0.005776,            0.005776,            0.005776
                 130,            0.023476,            0.018017,             0.02314,             0.69471,              0.6619,             0.71797,             0.57588,            0.017711,           0.0079444,            0.013391,            0.005743,            0.005743,            0.005743
                 131,            0.023419,            0.017961,            0.023126,             0.69886,             0.66124,              0.7184,             0.57635,            0.017697,           0.0079362,            0.013379,             0.00571,             0.00571,             0.00571
                 132,            0.023431,            0.017927,            0.023177,             0.69929,             0.66115,             0.71878,             0.57686,            0.017686,           0.0079314,             0.01336,            0.005677,            0.005677,            0.005677
                 133,            0.023385,            0.017946,            0.023133,             0.70506,              0.6575,             0.71956,              0.5777,            0.017673,           0.0079252,             0.01334,            0.005644,            0.005644,            0.005644
                 134,            0.023411,            0.017962,            0.023041,             0.70554,             0.65663,             0.72034,             0.57844,            0.017662,           0.0079192,            0.013314,            0.005611,            0.005611,            0.005611
                 135,            0.023358,            0.017951,            0.022975,             0.70771,             0.65712,             0.72048,             0.57866,            0.017646,           0.0079127,            0.013288,            0.005578,            0.005578,            0.005578
                 136,            0.023244,            0.017964,            0.022883,             0.70793,             0.65635,             0.72074,             0.57893,            0.017634,           0.0079072,            0.013271,            0.005545,            0.005545,            0.005545
                 137,            0.023302,            0.017968,            0.022918,              0.7083,             0.65651,             0.72082,             0.57896,            0.017614,           0.0079018,            0.013248,            0.005512,            0.005512,            0.005512
                 138,            0.023368,            0.017986,            0.023043,             0.70965,             0.65558,             0.72137,              0.5796,            0.017602,           0.0078972,            0.013237,            0.005479,            0.005479,            0.005479
                 139,            0.023278,            0.017863,            0.022973,             0.71139,              0.6558,             0.72181,             0.58002,            0.017586,            0.007891,            0.013223,            0.005446,            0.005446,            0.005446
                 140,            0.023287,            0.017947,              0.0229,             0.71306,             0.65466,             0.72238,             0.58084,            0.017575,           0.0078865,            0.013205,            0.005413,            0.005413,            0.005413
                 141,             0.02324,            0.017915,            0.022809,             0.71284,             0.65396,             0.72262,             0.58108,            0.017563,            0.007883,            0.013183,             0.00538,             0.00538,             0.00538
                 142,            0.023245,             0.01796,            0.022923,             0.71103,             0.65549,             0.72288,             0.58155,            0.017552,           0.0078788,            0.013166,            0.005347,            0.005347,            0.005347
                 143,            0.023177,            0.017972,            0.022799,             0.71222,             0.65664,             0.72275,             0.58169,             0.01754,           0.0078738,            0.013152,            0.005314,            0.005314,            0.005314
                 144,            0.023158,             0.01786,            0.022761,             0.71415,             0.65666,             0.72333,              0.5823,            0.017526,           0.0078668,            0.013138,            0.005281,            0.005281,            0.005281
                 145,            0.023162,            0.017863,            0.022848,              0.7161,             0.65546,             0.72378,             0.58266,            0.017516,            0.007861,             0.01312,            0.005248,            0.005248,            0.005248
                 146,            0.023129,            0.017893,            0.022874,             0.71888,             0.65358,             0.72397,             0.58311,            0.017503,           0.0078557,            0.013106,            0.005215,            0.005215,            0.005215
                 147,            0.023138,            0.017894,            0.022706,             0.71876,             0.65404,             0.72434,             0.58338,            0.017496,           0.0078501,            0.013107,            0.005182,            0.005182,            0.005182
                 148,            0.023139,            0.017803,            0.022785,             0.72099,             0.65274,             0.72443,             0.58409,            0.017485,            0.007845,            0.013107,            0.005149,            0.005149,            0.005149
                 149,            0.023079,            0.017815,             0.02272,             0.72276,             0.65179,             0.72479,             0.58429,            0.017474,           0.0078386,            0.013091,            0.005116,            0.005116,            0.005116
                 150,            0.023097,            0.017804,            0.022781,             0.72284,             0.65185,             0.72508,             0.58457,            0.017469,           0.0078344,            0.013082,            0.005083,            0.005083,            0.005083
                 151,            0.023087,            0.017841,            0.022717,             0.72567,             0.65101,             0.72539,             0.58496,            0.017457,           0.0078298,            0.013075,             0.00505,             0.00505,             0.00505
                 152,            0.023051,            0.017759,            0.022639,             0.72537,             0.65124,             0.72574,             0.58531,            0.017448,           0.0078262,            0.013069,            0.005017,            0.005017,            0.005017
                 153,            0.023048,            0.017817,            0.022777,             0.72224,             0.65435,               0.726,             0.58568,             0.01744,           0.0078227,            0.013052,            0.004984,            0.004984,            0.004984
                 154,            0.022986,            0.017815,            0.022591,             0.72215,             0.65519,             0.72623,             0.58626,             0.01743,           0.0078174,            0.013039,            0.004951,            0.004951,            0.004951
                 155,            0.023036,            0.017768,            0.022634,             0.71868,             0.65729,             0.72668,             0.58671,            0.017421,           0.0078122,            0.013028,            0.004918,            0.004918,            0.004918
                 156,            0.023052,            0.017753,            0.022585,             0.71769,              0.6583,             0.72715,             0.58723,            0.017413,           0.0078068,            0.013019,            0.004885,            0.004885,            0.004885
                 157,            0.022942,            0.017717,            0.022459,             0.71883,             0.65942,             0.72758,             0.58753,            0.017404,           0.0078024,            0.013008,            0.004852,            0.004852,            0.004852
                 158,            0.022934,            0.017741,            0.022605,             0.72053,             0.65955,             0.72793,             0.58782,            0.017394,           0.0077974,            0.013002,            0.004819,            0.004819,            0.004819
                 159,            0.022886,            0.017732,            0.022614,             0.72101,             0.66045,              0.7284,             0.58822,            0.017384,           0.0077943,            0.012989,            0.004786,            0.004786,            0.004786
                 160,             0.02298,            0.017707,             0.02268,             0.72103,             0.66239,             0.72877,             0.58871,            0.017376,           0.0077898,            0.012971,            0.004753,            0.004753,            0.004753
                 161,            0.022917,            0.017751,            0.022512,             0.72087,             0.66304,             0.72887,             0.58885,            0.017365,           0.0077843,            0.012958,             0.00472,             0.00472,             0.00472
                 162,            0.022895,            0.017729,             0.02256,               0.721,             0.66339,             0.72904,             0.58912,            0.017357,           0.0077797,             0.01296,            0.004687,            0.004687,            0.004687
                 163,            0.022873,            0.017739,             0.02251,             0.71946,             0.66483,             0.72928,             0.58947,            0.017343,           0.0077749,            0.012955,            0.004654,            0.004654,            0.004654
                 164,            0.022852,            0.017677,            0.022451,             0.71789,             0.66626,             0.72958,                0.59,             0.01733,           0.0077707,            0.012942,            0.004621,            0.004621,            0.004621
                 165,            0.022812,            0.017673,            0.022407,             0.71694,             0.66695,             0.72945,             0.58998,            0.017321,           0.0077673,             0.01293,            0.004588,            0.004588,            0.004588
                 166,            0.022814,            0.017665,            0.022358,             0.71715,             0.66716,             0.72983,             0.59049,            0.017309,           0.0077629,            0.012913,            0.004555,            0.004555,            0.004555
                 167,            0.022802,            0.017691,            0.022515,             0.71891,             0.66592,             0.73019,             0.59082,            0.017298,           0.0077583,            0.012902,            0.004522,            0.004522,            0.004522
                 168,            0.022786,            0.017616,            0.022269,             0.71722,             0.66756,             0.73048,             0.59116,             0.01729,           0.0077533,            0.012894,            0.004489,            0.004489,            0.004489
                 169,            0.022859,             0.01765,            0.022372,             0.71921,             0.66703,             0.73078,             0.59165,             0.01728,           0.0077491,            0.012886,            0.004456,            0.004456,            0.004456
                 170,            0.022697,            0.017668,            0.022376,             0.71843,             0.66729,             0.73111,             0.59209,            0.017269,           0.0077441,            0.012869,            0.004423,            0.004423,            0.004423
                 171,            0.022716,            0.017544,            0.022421,             0.71884,             0.66774,             0.73116,             0.59227,            0.017258,           0.0077385,            0.012858,             0.00439,             0.00439,             0.00439
                 172,            0.022633,            0.017554,            0.022238,             0.71639,             0.66884,             0.73151,             0.59265,            0.017249,           0.0077342,            0.012838,            0.004357,            0.004357,            0.004357
                 173,            0.022652,            0.017584,            0.022246,              0.7183,             0.66754,             0.73159,             0.59283,             0.01724,            0.007729,            0.012821,            0.004324,            0.004324,            0.004324
                 174,            0.022642,            0.017576,            0.022287,              0.7181,             0.66757,             0.73174,              0.5928,            0.017231,           0.0077236,            0.012804,            0.004291,            0.004291,            0.004291
                 175,            0.022714,            0.017589,            0.022298,             0.71649,             0.66843,             0.73189,             0.59293,            0.017223,           0.0077202,            0.012798,            0.004258,            0.004258,            0.004258
                 176,            0.022717,            0.017546,             0.02225,             0.71809,             0.66703,             0.73217,             0.59323,            0.017215,           0.0077154,            0.012791,            0.004225,            0.004225,            0.004225
                 177,            0.022654,            0.017579,            0.022325,             0.71857,             0.66614,             0.73237,             0.59331,            0.017206,           0.0077122,            0.012784,            0.004192,            0.004192,            0.004192
                 178,            0.022628,            0.017526,            0.022113,             0.72033,             0.66566,             0.73273,             0.59389,            0.017197,           0.0077077,            0.012768,            0.004159,            0.004159,            0.004159
                 179,            0.022558,            0.017492,            0.022118,               0.718,             0.66847,             0.73304,             0.59407,            0.017189,           0.0077042,            0.012756,            0.004126,            0.004126,            0.004126
                 180,            0.022599,             0.01754,            0.022199,             0.71887,             0.66809,              0.7332,             0.59424,            0.017181,              0.0077,             0.01274,            0.004093,            0.004093,            0.004093
                 181,            0.022509,            0.017513,            0.022071,              0.7174,             0.66891,              0.7336,             0.59469,            0.017171,            0.007696,            0.012724,             0.00406,             0.00406,             0.00406
                 182,             0.02252,            0.017547,            0.022115,             0.71876,              0.6678,             0.73417,             0.59525,            0.017162,           0.0076938,            0.012709,            0.004027,            0.004027,            0.004027
                 183,            0.022559,            0.017484,            0.022112,             0.72148,             0.66591,             0.73438,             0.59565,             0.01716,           0.0076907,            0.012701,            0.003994,            0.003994,            0.003994
                 184,            0.022556,            0.017436,            0.022056,              0.7196,             0.66703,             0.73446,             0.59569,            0.017154,           0.0076875,            0.012682,            0.003961,            0.003961,            0.003961
                 185,            0.022516,            0.017475,            0.022042,             0.71827,             0.66981,             0.73466,             0.59594,            0.017153,           0.0076861,             0.01267,            0.003928,            0.003928,            0.003928
                 186,            0.022452,            0.017524,            0.021908,             0.71869,             0.66809,             0.73468,             0.59601,            0.017149,           0.0076827,             0.01266,            0.003895,            0.003895,            0.003895
                 187,              0.0224,            0.017456,            0.022049,              0.7188,             0.66987,              0.7349,              0.5963,            0.017146,           0.0076801,            0.012652,            0.003862,            0.003862,            0.003862
                 188,            0.022401,            0.017395,            0.021898,             0.71854,              0.6705,              0.7352,             0.59677,            0.017138,           0.0076774,            0.012647,            0.003829,            0.003829,            0.003829
                 189,            0.022378,            0.017463,            0.021917,             0.71721,             0.67324,             0.73565,             0.59716,            0.017133,           0.0076751,            0.012638,            0.003796,            0.003796,            0.003796
                 190,            0.022364,            0.017385,            0.021828,             0.71675,             0.67304,             0.73599,             0.59742,            0.017132,           0.0076718,            0.012618,            0.003763,            0.003763,            0.003763
                 191,             0.02236,            0.017394,             0.02185,             0.71694,             0.67326,             0.73642,             0.59783,            0.017125,           0.0076685,            0.012598,             0.00373,             0.00373,             0.00373
                 192,            0.022322,            0.017393,            0.021767,             0.71898,             0.67187,             0.73679,             0.59819,            0.017118,           0.0076643,            0.012584,            0.003697,            0.003697,            0.003697
                 193,            0.022332,            0.017474,            0.021823,             0.72047,             0.67112,             0.73685,             0.59836,            0.017115,           0.0076619,            0.012578,            0.003664,            0.003664,            0.003664
                 194,            0.022278,            0.017318,            0.021863,             0.72111,              0.6708,             0.73705,             0.59856,            0.017105,           0.0076576,            0.012568,            0.003631,            0.003631,            0.003631
                 195,            0.022277,            0.017374,            0.021657,             0.72387,             0.66834,              0.7371,             0.59862,            0.017097,           0.0076549,            0.012563,            0.003598,            0.003598,            0.003598
                 196,            0.022318,            0.017425,            0.021764,             0.72595,             0.66756,             0.73729,             0.59888,            0.017094,           0.0076504,            0.012558,            0.003565,            0.003565,            0.003565
                 197,            0.022196,            0.017341,            0.021644,             0.72729,             0.66797,             0.73727,             0.59912,            0.017087,           0.0076468,            0.012547,            0.003532,            0.003532,            0.003532
                 198,            0.022236,            0.017363,            0.021702,             0.72647,             0.66842,             0.73758,              0.5996,            0.017079,            0.007642,            0.012535,            0.003499,            0.003499,            0.003499
                 199,            0.022236,            0.017351,            0.021689,             0.72859,             0.66825,             0.73768,             0.59963,            0.017072,           0.0076401,             0.01253,            0.003466,            0.003466,            0.003466
                 200,            0.022143,            0.017285,            0.021664,             0.72854,             0.66899,             0.73805,             0.59989,            0.017065,           0.0076355,            0.012522,            0.003433,            0.003433,            0.003433
                 201,            0.022197,            0.017288,            0.021709,              0.7293,             0.66844,             0.73818,             0.60008,            0.017058,            0.007633,            0.012509,              0.0034,              0.0034,              0.0034
                 202,            0.022207,            0.017255,            0.021637,             0.73043,             0.66701,             0.73845,             0.60026,            0.017052,           0.0076307,            0.012498,            0.003367,            0.003367,            0.003367
                 203,             0.02209,             0.01728,            0.021611,             0.73046,             0.66738,             0.73875,             0.60052,            0.017044,           0.0076272,            0.012483,            0.003334,            0.003334,            0.003334
                 204,            0.022155,            0.017226,            0.021519,             0.72763,             0.67081,             0.73883,             0.60085,            0.017036,           0.0076247,            0.012469,            0.003301,            0.003301,            0.003301
                 205,             0.02204,             0.01726,            0.021477,              0.7277,             0.67202,             0.73894,             0.60114,             0.01703,           0.0076212,            0.012453,            0.003268,            0.003268,            0.003268
                 206,            0.022069,            0.017282,             0.02136,             0.72512,             0.67379,              0.7394,             0.60158,            0.017024,           0.0076182,            0.012436,            0.003235,            0.003235,            0.003235
                 207,            0.022093,            0.017235,            0.021475,             0.72405,              0.6753,             0.73966,             0.60176,            0.017018,            0.007616,            0.012416,            0.003202,            0.003202,            0.003202
                 208,            0.022015,            0.017207,            0.021484,             0.72593,             0.67453,             0.73999,              0.6021,            0.017016,           0.0076128,            0.012403,            0.003169,            0.003169,            0.003169
                 209,            0.022045,            0.017213,            0.021494,             0.72706,             0.67362,             0.74061,             0.60278,            0.017013,           0.0076109,            0.012391,            0.003136,            0.003136,            0.003136
                 210,            0.021985,            0.017234,            0.021439,             0.72852,             0.67271,             0.74069,             0.60298,            0.017003,           0.0076081,             0.01238,            0.003103,            0.003103,            0.003103
                 211,            0.022044,            0.017194,            0.021429,             0.72665,             0.67427,               0.741,             0.60334,            0.016994,           0.0076045,             0.01237,             0.00307,             0.00307,             0.00307
                 212,            0.022009,            0.017174,             0.02147,             0.72618,             0.67594,             0.74101,             0.60348,            0.016991,           0.0076006,            0.012354,            0.003037,            0.003037,            0.003037
                 213,            0.021989,            0.017206,            0.021352,              0.7268,             0.67582,             0.74128,               0.604,            0.016984,           0.0075969,            0.012346,            0.003004,            0.003004,            0.003004
                 214,            0.021866,             0.01713,            0.021396,             0.72785,             0.67464,             0.74114,             0.60387,            0.016983,           0.0075943,            0.012337,            0.002971,            0.002971,            0.002971
                 215,            0.021883,            0.017152,            0.021293,             0.72593,             0.67634,             0.74128,             0.60398,            0.016981,           0.0075914,            0.012331,            0.002938,            0.002938,            0.002938
                 216,            0.021915,            0.017154,            0.021261,             0.73481,             0.67045,             0.74193,             0.60465,            0.016977,           0.0075887,            0.012314,            0.002905,            0.002905,            0.002905
                 217,            0.021835,            0.017098,            0.021264,             0.73401,             0.67241,             0.74208,             0.60478,            0.016972,           0.0075863,            0.012308,            0.002872,            0.002872,            0.002872
                 218,            0.021878,            0.017096,            0.021203,             0.72736,             0.67778,             0.74252,             0.60525,            0.016962,            0.007584,            0.012287,            0.002839,            0.002839,            0.002839
                 219,            0.021867,            0.017115,             0.02114,             0.72891,               0.678,             0.74287,             0.60554,            0.016953,           0.0075812,            0.012261,            0.002806,            0.002806,            0.002806
                 220,            0.021758,            0.017107,            0.020987,             0.73218,             0.67512,             0.74305,             0.60574,            0.016946,           0.0075793,            0.012243,            0.002773,            0.002773,            0.002773
                 221,            0.021705,            0.017105,            0.021007,             0.73178,              0.6748,             0.74319,             0.60602,            0.016939,           0.0075767,            0.012227,             0.00274,             0.00274,             0.00274
                 222,            0.021785,            0.017157,            0.021214,             0.73105,             0.67552,             0.74321,              0.6059,             0.01693,           0.0075725,            0.012207,            0.002707,            0.002707,            0.002707
                 223,            0.021705,            0.017086,            0.020991,              0.7308,             0.67538,             0.74361,              0.6063,            0.016927,           0.0075702,              0.0122,            0.002674,            0.002674,            0.002674
                 224,            0.021647,            0.017056,            0.020932,             0.73072,             0.67692,             0.74383,             0.60659,             0.01692,           0.0075668,            0.012177,            0.002641,            0.002641,            0.002641
                 225,            0.021719,            0.017039,            0.020946,               0.731,             0.67715,             0.74395,             0.60684,            0.016916,           0.0075634,            0.012157,            0.002608,            0.002608,            0.002608
                 226,            0.021684,            0.017015,            0.021001,             0.73112,             0.67551,               0.744,             0.60683,            0.016909,           0.0075598,            0.012133,            0.002575,            0.002575,            0.002575
                 227,            0.021619,             0.01703,            0.020922,             0.73376,             0.67386,             0.74399,             0.60683,              0.0169,           0.0075569,            0.012125,            0.002542,            0.002542,            0.002542
                 228,            0.021571,            0.017005,            0.020821,             0.73363,             0.67432,              0.7441,             0.60702,            0.016893,           0.0075537,            0.012103,            0.002509,            0.002509,            0.002509
                 229,            0.021615,            0.016993,            0.020888,             0.73463,             0.67404,             0.74426,             0.60735,            0.016888,           0.0075502,            0.012089,            0.002476,            0.002476,            0.002476
                 230,             0.02149,            0.016989,            0.020698,             0.73519,             0.67329,             0.74432,             0.60761,            0.016884,           0.0075485,            0.012075,            0.002443,            0.002443,            0.002443
                 231,            0.021589,            0.016971,            0.020843,             0.73574,             0.67297,             0.74461,             0.60796,            0.016881,            0.007545,            0.012061,             0.00241,             0.00241,             0.00241
                 232,             0.02154,             0.01694,            0.020672,             0.73533,              0.6733,             0.74472,             0.60801,            0.016879,           0.0075423,            0.012052,            0.002377,            0.002377,            0.002377
                 233,            0.021432,            0.016933,            0.020743,             0.73345,              0.6752,               0.745,             0.60838,            0.016874,           0.0075406,            0.012041,            0.002344,            0.002344,            0.002344
                 234,            0.021385,            0.016919,            0.020669,             0.73526,             0.67391,             0.74515,             0.60867,            0.016867,           0.0075373,            0.012017,            0.002311,            0.002311,            0.002311
                 235,            0.021423,            0.016926,            0.020702,             0.73572,             0.67417,             0.74536,             0.60895,            0.016858,           0.0075356,            0.012006,            0.002278,            0.002278,            0.002278
                 236,            0.021443,             0.01687,             0.02062,             0.73379,             0.67524,             0.74572,             0.60927,            0.016852,           0.0075325,            0.011996,            0.002245,            0.002245,            0.002245
                 237,            0.021345,            0.016889,            0.020533,             0.73296,             0.67629,             0.74578,             0.60944,            0.016848,           0.0075307,            0.011981,            0.002212,            0.002212,            0.002212
                 238,            0.021346,            0.016839,            0.020489,             0.73327,             0.67698,               0.746,             0.60966,            0.016844,           0.0075294,            0.011959,            0.002179,            0.002179,            0.002179
                 239,             0.02128,            0.016801,            0.020476,             0.73392,             0.67571,             0.74651,             0.61026,            0.016835,           0.0075279,            0.011949,            0.002146,            0.002146,            0.002146
                 240,            0.021246,            0.016816,            0.020351,             0.73383,             0.67666,               0.747,             0.61067,             0.01683,           0.0075254,            0.011931,            0.002113,            0.002113,            0.002113
                 241,            0.021347,            0.016856,            0.020406,             0.73313,             0.67811,             0.74721,             0.61088,             0.01683,           0.0075237,            0.011926,             0.00208,             0.00208,             0.00208
                 242,            0.021288,            0.016781,             0.02028,              0.7333,             0.67783,             0.74744,             0.61103,            0.016826,           0.0075221,            0.011912,            0.002047,            0.002047,            0.002047
                 243,            0.021226,             0.01674,            0.020369,             0.72306,             0.68471,             0.74758,             0.61119,            0.016817,           0.0075206,            0.011898,            0.002014,            0.002014,            0.002014
                 244,            0.021254,            0.016719,            0.020453,             0.72545,             0.68466,             0.74816,             0.61193,            0.016806,            0.007518,            0.011889,            0.001981,            0.001981,            0.001981
                 245,            0.021049,            0.016725,            0.020115,             0.72886,             0.68286,             0.74815,             0.61207,            0.016799,           0.0075169,            0.011884,            0.001948,            0.001948,            0.001948
                 246,            0.021124,            0.016675,            0.020175,             0.73156,             0.68341,             0.74841,             0.61228,            0.016797,           0.0075144,            0.011872,            0.001915,            0.001915,            0.001915
                 247,             0.02105,            0.016704,            0.020166,             0.73016,             0.68466,             0.74856,              0.6125,            0.016792,           0.0075138,            0.011865,            0.001882,            0.001882,            0.001882
                 248,            0.021035,            0.016683,            0.020064,             0.72969,             0.68626,             0.74876,             0.61275,            0.016783,           0.0075114,            0.011855,            0.001849,            0.001849,            0.001849
                 249,               0.021,            0.016645,            0.020034,              0.7314,             0.68485,             0.74921,             0.61317,            0.016776,           0.0075098,            0.011843,            0.001816,            0.001816,            0.001816
                 250,            0.020945,             0.01661,            0.020092,              0.7321,             0.68431,              0.7494,             0.61338,            0.016769,           0.0075073,            0.011835,            0.001783,            0.001783,            0.001783
                 251,            0.020917,            0.016597,            0.019955,             0.73069,             0.68432,             0.74979,             0.61389,            0.016762,           0.0075053,            0.011827,             0.00175,             0.00175,             0.00175
                 252,            0.020936,            0.016644,            0.019864,             0.73102,             0.68412,              0.7501,             0.61414,            0.016755,           0.0075035,             0.01182,            0.001717,            0.001717,            0.001717
                 253,            0.020915,            0.016612,            0.019948,             0.73354,             0.68337,             0.75056,             0.61479,            0.016746,           0.0075031,            0.011803,            0.001684,            0.001684,            0.001684
                 254,             0.02084,             0.01656,             0.01979,             0.72976,             0.68698,             0.75072,             0.61477,             0.01674,           0.0075017,            0.011791,            0.001651,            0.001651,            0.001651
                 255,            0.020868,            0.016533,             0.01981,             0.73007,             0.68759,             0.75085,             0.61497,            0.016735,           0.0074999,            0.011775,            0.001618,            0.001618,            0.001618
                 256,            0.020782,            0.016542,            0.019655,             0.73202,              0.6855,             0.75113,             0.61523,            0.016734,           0.0074989,            0.011767,            0.001585,            0.001585,            0.001585
                 257,            0.020707,            0.016528,            0.019548,             0.73279,             0.68585,             0.75152,             0.61576,            0.016728,           0.0074985,            0.011751,            0.001552,            0.001552,            0.001552
                 258,            0.020726,            0.016524,             0.01979,             0.73605,              0.6834,             0.75179,             0.61601,            0.016723,           0.0074979,             0.01174,            0.001519,            0.001519,            0.001519
                 259,            0.020724,              0.0165,            0.019668,             0.73538,             0.68549,             0.75213,             0.61633,            0.016719,           0.0074959,            0.011727,            0.001486,            0.001486,            0.001486
                 260,             0.02068,            0.016474,             0.01962,             0.73377,              0.6866,             0.75227,             0.61657,            0.016717,           0.0074958,            0.011717,            0.001453,            0.001453,            0.001453
                 261,            0.020601,            0.016396,             0.01949,             0.73494,             0.68612,             0.75239,             0.61654,            0.016716,           0.0074948,            0.011714,             0.00142,             0.00142,             0.00142
                 262,            0.020581,            0.016403,            0.019544,              0.7362,             0.68628,               0.753,             0.61717,             0.01672,           0.0074952,            0.011716,            0.001387,            0.001387,            0.001387
                 263,            0.020548,            0.016434,            0.019457,             0.73407,             0.68691,             0.75323,             0.61746,            0.016717,            0.007494,              0.0117,            0.001354,            0.001354,            0.001354
                 264,            0.020494,            0.016365,            0.019303,             0.73274,             0.68786,             0.75367,             0.61782,            0.016716,           0.0074944,            0.011691,            0.001321,            0.001321,            0.001321
                 265,            0.020475,            0.016303,            0.019332,              0.7336,             0.68716,             0.75398,             0.61819,             0.01671,            0.007495,            0.011676,            0.001288,            0.001288,            0.001288
                 266,            0.020408,            0.016301,            0.019298,             0.73295,             0.68815,             0.75397,             0.61833,            0.016702,           0.0074947,            0.011665,            0.001255,            0.001255,            0.001255
                 267,            0.020357,            0.016283,            0.019278,             0.73405,             0.68936,             0.75403,              0.6185,            0.016697,            0.007494,            0.011655,            0.001222,            0.001222,            0.001222
                 268,             0.02038,            0.016277,            0.019231,             0.73343,              0.6904,             0.75437,             0.61865,            0.016697,           0.0074942,            0.011645,            0.001189,            0.001189,            0.001189
                 269,            0.020308,            0.016225,            0.019064,              0.7358,             0.69023,             0.75469,             0.61906,            0.016692,           0.0074941,            0.011629,            0.001156,            0.001156,            0.001156
                 270,            0.020227,            0.016208,            0.019159,             0.73197,             0.69271,             0.75503,             0.61946,            0.016693,           0.0074946,            0.011618,            0.001123,            0.001123,            0.001123
                 271,            0.020298,            0.016222,            0.019015,             0.73053,             0.69319,             0.75517,             0.61962,            0.016692,           0.0074949,            0.011612,             0.00109,             0.00109,             0.00109
                 272,            0.020262,             0.01619,             0.01905,             0.73179,             0.69251,             0.75542,             0.61974,            0.016691,           0.0074943,            0.011606,            0.001057,            0.001057,            0.001057
                 273,            0.020087,            0.016171,            0.018844,             0.73088,              0.6934,             0.75561,             0.61982,            0.016693,           0.0074952,            0.011606,            0.001024,            0.001024,            0.001024
                 274,             0.02009,            0.016137,            0.018859,             0.72785,             0.69565,             0.75596,             0.62008,            0.016692,            0.007497,            0.011602,            0.000991,            0.000991,            0.000991
                 275,            0.020041,            0.016111,            0.018709,             0.72932,             0.69278,             0.75615,             0.62031,            0.016691,           0.0074974,            0.011595,            0.000958,            0.000958,            0.000958
                 276,            0.019979,            0.016092,            0.018598,             0.72892,             0.69282,             0.75652,              0.6208,            0.016689,            0.007498,            0.011591,            0.000925,            0.000925,            0.000925
                 277,            0.019914,            0.016029,            0.018612,             0.72875,             0.69342,             0.75661,             0.62066,             0.01669,           0.0074986,            0.011596,            0.000892,            0.000892,            0.000892
                 278,            0.019896,            0.016032,            0.018476,             0.72571,             0.69551,             0.75704,             0.62114,            0.016688,           0.0074997,            0.011596,            0.000859,            0.000859,            0.000859
                 279,            0.019886,            0.016007,            0.018454,             0.72524,             0.69605,             0.75738,             0.62161,            0.016687,           0.0074985,             0.01159,            0.000826,            0.000826,            0.000826
                 280,            0.019842,            0.015961,            0.018356,             0.72756,             0.69587,             0.75759,             0.62182,            0.016686,           0.0074999,            0.011592,            0.000793,            0.000793,            0.000793
                 281,            0.019685,            0.015889,             0.01821,             0.72995,             0.69334,             0.75766,             0.62202,            0.016685,           0.0075019,            0.011591,             0.00076,             0.00076,             0.00076
                 282,            0.019737,            0.015914,            0.018233,             0.72983,             0.69266,             0.75776,             0.62225,            0.016683,           0.0075028,            0.011583,            0.000727,            0.000727,            0.000727
                 283,            0.019622,             0.01591,            0.018094,             0.73002,             0.69337,             0.75792,             0.62242,            0.016681,            0.007503,            0.011578,            0.000694,            0.000694,            0.000694
                 284,            0.019536,            0.015809,            0.018006,             0.73229,             0.69348,              0.7581,             0.62264,            0.016675,           0.0075031,            0.011576,            0.000661,            0.000661,            0.000661
                 285,            0.019567,            0.015781,            0.017984,             0.73335,             0.69378,             0.75842,             0.62303,            0.016671,           0.0075041,            0.011573,            0.000628,            0.000628,            0.000628
                 286,            0.019456,            0.015799,            0.017848,             0.73055,             0.69617,              0.7586,             0.62333,            0.016669,           0.0075047,            0.011571,            0.000595,            0.000595,            0.000595
                 287,            0.019395,            0.015703,            0.017857,             0.73339,             0.69403,             0.75874,             0.62345,             0.01667,            0.007506,            0.011568,            0.000562,            0.000562,            0.000562
                 288,            0.019352,            0.015651,            0.017763,             0.73271,             0.69424,              0.7588,             0.62379,            0.016673,           0.0075051,            0.011565,            0.000529,            0.000529,            0.000529
                 289,            0.019281,            0.015672,            0.017568,             0.73248,             0.69475,             0.75894,             0.62398,            0.016672,           0.0075056,            0.011563,            0.000496,            0.000496,            0.000496
                 290,            0.019209,            0.015643,            0.017492,             0.73314,             0.69451,             0.75918,             0.62423,            0.016671,            0.007505,            0.011565,            0.000463,            0.000463,            0.000463
                 291,            0.019207,            0.015607,            0.017425,             0.73434,             0.69412,              0.7595,             0.62451,             0.01667,           0.0075044,             0.01156,             0.00043,             0.00043,             0.00043
                 292,            0.019041,            0.015545,            0.017263,             0.73872,             0.69047,             0.75967,             0.62466,             0.01667,           0.0075057,            0.011554,            0.000397,            0.000397,            0.000397
                 293,            0.018963,            0.015476,            0.017162,             0.73858,              0.6905,              0.7599,             0.62512,            0.016671,           0.0075042,            0.011547,            0.000364,            0.000364,            0.000364
                 294,            0.018924,            0.015455,            0.017071,             0.74082,             0.68815,             0.76005,             0.62534,            0.016671,           0.0075037,            0.011533,            0.000331,            0.000331,            0.000331
                 295,            0.018889,            0.015414,            0.017064,             0.73864,             0.69043,             0.76022,             0.62554,            0.016669,           0.0075026,            0.011521,            0.000298,            0.000298,            0.000298
                 296,            0.018847,            0.015411,            0.016862,              0.7398,             0.68873,             0.76041,             0.62582,            0.016666,           0.0075018,            0.011505,            0.000265,            0.000265,            0.000265
                 297,            0.018758,            0.015367,            0.016816,             0.72553,             0.70079,              0.7607,             0.62617,            0.016664,            0.007499,             0.01149,            0.000232,            0.000232,            0.000232
